MODIFIED_ZCTA,NEIGHBORHOOD_NAME,BOROUGH_GROUP,COVID_CASE_COUNT,COVID_CASE_RATE,POP_DENOMINATOR,COVID_DEATH_COUNT,COVID_DEATH_RATE,PERCENT_POSITIVE,TOTAL_COVID_TESTS,ZIP_CODE,COUNTY,CITY,POPULATION,PER_THOUSAND,PER_THOUSAND_SCALED
10001,Chelsea/NoMad/West Chelsea,Manhattan,478,2028.6,23563.03,28,118.83,4.79,9989,10001,NEW YORK,NEW YORK,21102,22.651881338261774,0.31984990473663755
10002,Chinatown/Lower East Side,Manhattan,1442,1878.69,76755.41,160,208.45,5.89,24496,10002,NEW YORK,NEW YORK,81410,17.712811693895098,0.20591467726750087
10003,East Village/Gramercy/Greenwich Village,Manhattan,661,1228.59,53801.62,35,65.05,2.75,24021,10003,NEW YORK,NEW YORK,56024,11.79851492217621,0.06948275860153572
10004,Financial District,Manhattan,56,1533.99,3650.61,1,27.39,4.24,1320,10004,NEW YORK,NEW YORK,3089,18.128844286176758,0.21551178187408385
10005,Financial District,Manhattan,120,1429.23,8396.11,2,23.82,3.78,3173,10005,NEW YORK,NEW YORK,7135,16.818500350385424,0.18528456396929707
10006,Financial District,Manhattan,50,1446.02,3457.77,0,0.0,4.02,1243,10006,NEW YORK,NEW YORK,3011,16.605778811026237,0.18037747038293364
10007,TriBeCa,Manhattan,89,1078.82,8249.73,3,36.36,2.82,3156,10007,NEW YORK,NEW YORK,6988,12.736119061247853,0.09111155684757258
10009,Alphabet City/East Village/Stuyvesant Town-Cooper Village,Manhattan,940,1600.05,58747.99,70,119.15,4.21,22315,10009,NEW YORK,NEW YORK,61347,15.322672665330009,0.1507785780604318
10010,Flatiron/Gramercy/Kips Bay,Manhattan,403,1244.91,32371.86,19,58.69,2.86,14106,10010,NEW YORK,NEW YORK,31834,12.659420745115284,0.08934226815065552
10011,Chelsea,Manhattan,718,1450.49,49500.52,43,86.87,3.54,20291,10011,NEW YORK,NEW YORK,50984,14.082849521418485,0.12217814476138425
10012,Greenwich Village/SoHo,Manhattan,283,1180.09,23981.2,9,37.53,2.81,10075,10012,NEW YORK,NEW YORK,24090,11.747613117476131,0.06830854784633658
10013,Hudson Square/Little Italy/SoHo/TriBeCa,Manhattan,359,1236.61,29031.09,22,75.78,2.84,12653,10013,NEW YORK,NEW YORK,27700,12.96028880866426,0.09628273947965352
10014,Hudson Square/Meatpacking District/West Village,Manhattan,444,1430.27,31043.16,29,93.42,3.33,13321,10014,NEW YORK,NEW YORK,31959,13.892800150192434,0.11779405627911235
10016,Kips Bay/Murray Hill/NoMad,Manhattan,950,1808.68,52524.35,49,93.29,4.45,21343,10016,NEW YORK,NEW YORK,54183,17.53317461196316,0.20177078109564775
10017,East Midtown/Murray Hill,Manhattan,193,1196.73,16127.22,8,49.61,3.26,5922,10017,NEW YORK,NEW YORK,16575,11.644042232277526,0.06591935854269068
10018,Hell's Kitchen/Midtown Manhattan,Manhattan,224,2350.12,9531.44,6,62.95,6.35,3525,10018,NEW YORK,NEW YORK,5229,42.8380187416332,0.7855068649294475
10019,Hell's Kitchen/Midtown Manhattan,Manhattan,781,1922.16,40631.45,42,103.37,4.32,18061,10019,NEW YORK,NEW YORK,42870,18.217867972941452,0.21756539413955275
10021,Lenox Hill/Upper East Side,Manhattan,731,1654.76,44175.61,65,147.14,4.07,17939,10021,NEW YORK,NEW YORK,43631,16.75414269670647,0.18379995159505066
10022,East Midtown,Manhattan,451,1486.74,30334.8,33,108.79,3.8,11876,10022,NEW YORK,NEW YORK,31924,14.127302343064779,0.12320358937152295
10023,Lincoln Square,Manhattan,745,1236.01,60274.81,54,89.59,3.36,22177,10023,NEW YORK,NEW YORK,60998,12.21351519721958,0.07905604955335502
10024,Upper West Side,Manhattan,933,1627.2,57337.68,75,130.8,3.91,23886,10024,NEW YORK,NEW YORK,59283,15.738069935731996,0.16036102696298773
10025,Manhattan Valley/Morningside Heights/Upper West Side,Manhattan,1708,1849.82,92333.47,181,196.03,4.19,40736,10025,NEW YORK,NEW YORK,94600,18.054968287526428,0.21380759883622466
10026,Central Harlem (South),Manhattan,833,2134.91,39018.03,50,128.15,6.42,12966,10026,NEW YORK,NEW YORK,34003,24.497838426021232,0.36243273021512046
10027,Central Harlem (South)/Morningside Heights/West Harlem,Manhattan,1286,2021.03,63631.04,115,180.73,5.66,22704,10027,NEW YORK,NEW YORK,59707,21.538513072169092,0.29416655224557264
10028,Upper East Side/Yorkville,Manhattan,623,1267.42,49155.08,34,69.17,3.68,16922,10028,NEW YORK,NEW YORK,45141,13.80120068230655,0.11568102549374301
10029,East Harlem,Manhattan,2191,2778.99,78841.52,212,268.89,8.14,26900,10029,NEW YORK,NEW YORK,76003,28.82780942857519,0.4623171753906268
10030,Central Harlem (North),Manhattan,620,2114.46,29321.91,58,197.8,7.06,8781,10030,NEW YORK,NEW YORK,26999,22.963813474573133,0.32704560381856973
10031,Hamilton Heights/West Harlem,Manhattan,1682,2777.55,60556.93,135,222.93,8.61,19534,10031,NEW YORK,NEW YORK,56438,29.80261525922251,0.48480414804947947
10032,Washington Heights (South),Manhattan,1897,3084.93,61492.57,175,284.59,9.19,20635,10032,NEW YORK,NEW YORK,57331,33.08855592960178,0.5606047389880501
10033,Washington Heights (North)/Washington Heights (South),Manhattan,1678,2833.96,59210.43,123,207.73,8.79,19081,10033,NEW YORK,NEW YORK,53926,31.11671549901717,0.5151180169597953
10034,Inwood/Washington Heights (North),Manhattan,953,2212.49,43073.65,72,167.16,7.44,12801,10034,NEW YORK,NEW YORK,38908,24.493677392824097,0.36233674285354056
10035,East Harlem,Manhattan,1197,3476.96,34426.65,137,397.95,9.13,13109,10035,NEW YORK,NEW YORK,33969,35.238011127792994,0.6101887061264678
10036,Hell's Kitchen/Midtown Manhattan,Manhattan,579,2208.97,26211.25,40,152.61,5.0,11587,10036,NEW YORK,NEW YORK,24711,23.43086075027316,0.33781952308419816
10037,Central Harlem (North)/East Harlem,Manhattan,617,2987.95,20649.62,66,319.62,8.68,7106,10037,NEW YORK,NEW YORK,17416,35.42719338539274,0.614552791896616
10038,Chinatown/Financial District,Manhattan,355,1610.13,22047.96,28,127.0,4.47,7947,10038,NEW YORK,NEW YORK,20300,17.48768472906404,0.2007214133950794
10039,Central Harlem (North)/Washington Heights (South),Manhattan,651,2460.55,26457.52,66,249.46,8.29,7850,10039,NEW YORK,NEW YORK,24527,26.54217800790965,0.40959187395229757
10040,Washington Heights (North),Manhattan,1391,3104.34,44808.28,120,267.81,9.03,15407,10040,NEW YORK,NEW YORK,41905,33.19412957880921,0.5630401283636411
10044,Roosevelt Island,Manhattan,270,2307.64,11700.29,36,307.68,6.98,3866,10044,NEW YORK,NEW YORK,11661,23.15410342166195,0.3314352419422967
10065,Lenox Hill/Upper East Side,Manhattan,425,1462.42,29061.49,28,96.35,3.42,12429,10065,NEW YORK,NEW YORK,32270,13.170127052990393,0.10112332076732392
10069,Lincoln Square,Manhattan,82,1293.76,6338.13,2,31.56,2.98,2751,10069,NEW YORK,NEW YORK,5199,15.772263896903251,0.1611498185825919
10075,Lenox Hill/Upper East Side,Manhattan,493,2085.97,23634.14,47,198.86,4.76,10356,10075,NEW YORK,NEW YORK,26121,18.873703150721642,0.2326943021208107
10128,Upper East Side/Yorkville,Manhattan,791,1289.28,61351.93,41,66.83,3.41,23207,10128,NEW YORK,NEW YORK,60453,13.08454501844408,0.09914910107102401
10280,Battery Park City,Manhattan,69,717.35,9618.7,0,0.0,2.55,2704,10280,NEW YORK,NEW YORK,7853,8.78645103781994,0.0
10282,Battery Park City,Manhattan,87,1577.39,5515.44,14,253.83,5.06,1720,10282,NEW YORK,NEW YORK,4783,18.189420865565545,0.21690917183796818
10301,Silver Lake/St. George,Staten Island,1446,3650.27,39613.55,108,272.63,10.82,13366,10301,RICHMOND,STATEN ISLAND,39706,36.417669873570745,0.63740125772299
10302,Elm Park,Staten Island,734,3909.67,18773.99,32,170.45,13.15,5583,10302,RICHMOND,STATEN ISLAND,19088,38.45347862531433,0.684363610942309
10303,Graniteville/Mariner's Harbor/Port Ivory,Staten Island,1002,3819.81,26231.66,47,179.17,12.25,8182,10303,RICHMOND,STATEN ISLAND,26337,38.045335459619544,0.6749485008564556
10304,New Dorp/Todt Hill,Staten Island,1658,3905.89,42448.71,182,428.75,11.52,14396,10304,RICHMOND,STATEN ISLAND,42193,39.295617756499894,0.7037902075244659
10305,Arrochar/Midland Beach/Shore Acres/South Beach Ocean Breeze,Staten Island,1511,3550.2,42560.99,81,190.32,11.59,13034,10305,RICHMOND,STATEN ISLAND,41749,36.192483652303046,0.6322066269138631
10306,Lighthouse Hill/Midland Beach/New Dorp/Oakwood,Staten Island,1779,3313.73,53685.66,83,154.6,9.95,17884,10306,RICHMOND,STATEN ISLAND,55909,31.819563934250297,0.5313314340829874
10307,Tottenville,Staten Island,472,3102.29,15214.56,15,98.59,10.96,4306,10307,RICHMOND,STATEN ISLAND,14096,33.48467650397276,0.5697425100655723
10308,Great Kills,Staten Island,814,2746.72,29635.33,29,97.86,9.71,8383,10308,RICHMOND,STATEN ISLAND,27357,29.754724567752312,0.4836993981230364
10309,Charleston/Prince's Bay/Woodrow,Staten Island,1034,3132.86,33004.98,32,96.96,10.36,9981,10309,RICHMOND,STATEN ISLAND,32519,31.796795719425564,0.5308062133588616
10310,Port Richmond/Randall Manor/West Brighton,Staten Island,859,3598.52,23870.96,35,146.62,10.89,7888,10310,RICHMOND,STATEN ISLAND,24962,34.41230670619341,0.591141227983591
10312,Annadale/Rossville,Staten Island,1868,3097.62,60304.33,60,99.5,10.27,18197,10312,RICHMOND,STATEN ISLAND,59304,31.498718467556994,0.5239301209081799
10314,Bloomfield/Freshkills Park,Staten Island,3203,3526.2,90834.29,205,225.69,11.04,29001,10314,RICHMOND,STATEN ISLAND,85510,37.457607297392116,0.6613906961128486
10451,Concourse/Melrose,Bronx,1868,3914.6,47718.77,155,324.82,11.16,16736,10451,BRONX,BRONX,45713,40.86364929013629,0.7399618030530707
10452,Concourse/Highbridge,Bronx,3015,3913.8,77035.04,178,231.06,12.08,24954,10452,BRONX,BRONX,75371,40.00212283238912,0.7200879766035776
10453,Morris Heights/Mount Hope/University Heights,Bronx,2952,3636.18,81184.04,169,208.17,12.2,24187,10453,BRONX,BRONX,78309,37.696816457878406,0.666908810266957
10454,Mott Haven/Port Morris,Bronx,1330,3479.54,38223.41,107,279.93,11.11,11975,10454,BRONX,BRONX,37337,35.621501459678065,0.6190351208040529
10455,Mott Haven,Bronx,1560,3698.93,42174.38,112,265.56,11.73,13297,10455,BRONX,BRONX,39665,39.32938358754569,0.7045691229716848
10456,Claremont/Morrisania,Bronx,3034,3246.94,93441.91,298,318.91,10.76,28191,10456,BRONX,BRONX,86547,35.05609668734907,0.6059922754939217
10457,Belmont/Claremont/Mount Hope/Tremont,Bronx,2642,3537.52,74685.06,189,253.06,11.32,23333,10457,BRONX,BRONX,70496,37.47730367680436,0.6618450552594568
10458,Belmont/Fordham University/Kingsbridge,Bronx,2612,3116.66,83807.74,132,157.5,11.01,23726,10458,BRONX,BRONX,79492,32.858652443013135,0.5553012895681171
10459,Charlotte Gardens/Hunts Point,Bronx,1802,3726.64,48354.56,167,345.37,11.06,16296,10459,BRONX,BRONX,47308,38.09080916546884,0.6759974953823201
10460,Charlotte Gardens/Tremont/Van Nest/West Farms,Bronx,2022,3365.89,60073.25,132,219.73,11.45,17654,10460,BRONX,BRONX,57311,35.281185112805574,0.6111846503340511
10461,Morris Park/Pelham Bay/Westchester Square,Bronx,2108,4260.34,49479.56,141,284.97,11.73,17969,10461,BRONX,BRONX,50502,41.74092115163756,0.7601988469276032
10462,Parkchester/Pelham Parkway/Van Nest/Westchester Square,Bronx,2724,3522.46,77332.41,187,241.81,11.14,24446,10462,BRONX,BRONX,75784,35.944262641190754,0.6264806259865519
10463,Kingsbridge/Marble Hill/Riverdale/Spuyten Duyvil,Bronx,2436,3417.16,71287.33,220,308.61,9.57,25457,10463,BRONX,BRONX,67970,35.83934088568486,0.6240602745963544
10464,City Island,Bronx,141,3239.03,4353.16,9,206.75,9.49,1486,10464,BRONX,BRONX,4534,31.09836788707543,0.5146947713911725
10465,Country Club/Throgs Neck,Bronx,1722,4001.82,43030.43,91,211.48,11.48,14995,10465,BRONX,BRONX,42230,40.77669902912621,0.7379560208956997
10466,Edenwald/Wakefield,Bronx,2728,3780.14,72166.65,174,241.11,12.9,21144,10466,BRONX,BRONX,67813,40.22827481456358,0.7253048857356509
10467,Allerton/Norwood/Pelham Parkway/Williamsbridge,Bronx,4044,4012.54,100784.05,340,337.35,11.91,33957,10467,BRONX,BRONX,97060,41.664949515763446,0.7584463214040177
10468,Fordham/Kingsbridge/University Heights,Bronx,3347,4364.83,76681.12,226,294.73,12.7,26362,10468,BRONX,BRONX,76103,43.97986938754057,0.811847253392206
10469,Allerton/Baychester/Pelham Gardens/Williamsbridge,Bronx,3369,4711.34,71508.25,373,521.62,13.54,24881,10469,BRONX,BRONX,66631,50.56205069712296,0.9636860365536718
10470,Wakefield/Woodlawn,Bronx,520,3686.96,14103.75,22,155.99,11.56,4499,10470,BRONX,BRONX,15293,34.00248479696593,0.5816873923805792
10471,Fieldston/North Riverdale/Riverdale,Bronx,910,4282.9,21247.28,89,418.88,9.22,9874,10471,BRONX,BRONX,22922,39.69985167088387,0.7131151383924903
10472,Soundview,Bronx,2381,3505.91,67913.94,194,285.66,12.42,19163,10472,BRONX,BRONX,66358,35.881129630187765,0.6250242638602066
10473,Castle Hill/Clason Point/Soundview,Bronx,2303,3719.0,61925.28,141,227.69,11.92,19315,10473,BRONX,BRONX,58519,39.35473948632068,0.705154036792025
10474,Hunts Point,Bronx,351,2821.98,12438.07,21,168.84,10.31,3403,10474,BRONX,BRONX,12281,28.58073446787721,0.45661761173268967
10475,Co-op City/Edenwald,Bronx,1945,4446.4,43743.21,179,409.21,12.87,15109,10475,BRONX,BRONX,40931,47.518995382472944,0.8934883628133833
11004,Bellerose/Douglaston-Little Neck,Queens,676,3603.69,18758.55,69,367.83,9.43,7169,11004,QUEENS,GLEN OAKS,14016,48.230593607305934,0.9099036214452297
11101,Astoria (South)/Long Island City/Sunnyside,Queens,828,2352.0,35204.11,39,110.78,5.33,15541,11101,QUEENS,LONG ISLAND CITY,25484,32.49097472924188,0.5468196428268851
11102,Astoria (North),Queens,830,2543.44,32632.92,85,260.47,7.19,11548,11102,QUEENS,ASTORIA,34133,24.3166437172238,0.35825290246424324
11103,Astoria (North)/Astoria (South),Queens,769,2101.92,36585.65,55,150.33,6.06,12687,11103,QUEENS,ASTORIA,38780,19.829809179989688,0.25474990485026683
11104,Sunnyside,Queens,596,2405.58,24775.7,42,169.52,6.74,8844,11104,QUEENS,SUNNYSIDE,27232,21.886016451233843,0.3021828142930605
11105,Ditmars Steinway,Queens,642,1788.56,35894.88,44,122.58,5.52,11637,11105,QUEENS,ASTORIA,36688,17.498909725250762,0.2009803533546188
11106,Astoria (South),Queens,864,2234.61,38664.4,57,147.42,6.74,12825,11106,QUEENS,ASTORIA,38875,22.225080385852092,0.31000439392220625
11109,Long Island City,Queens,71,1400.22,5070.64,2,39.44,3.2,2217,11109,QUEENS,LONG ISLAND CITY,3523,20.153278455861482,0.26221174446367757
11201,Brooklyn Heights/DUMBO/Downtown Brooklyn,Brooklyn,899,1475.99,60908.15,96,157.61,3.35,26841,11201,KINGS,BROOKLYN,51128,17.58332029416367,0.20292754949931388
11203,East Flatbush (North)/East Flatbush (South),Brooklyn,2398,3267.37,73392.42,246,335.18,11.58,20706,11203,KINGS,BROOKLYN,76174,31.480557670596266,0.5235111848166224
11204,Bensonhurst/Mapleton,Brooklyn,2725,3435.35,79322.45,153,192.88,13.25,20570,11204,KINGS,BROOKLYN,78134,34.87598228684056,0.6018373684628353
11205,Bedford-Stuyvesant (West)/Clinton Hill/Fort Greene,Brooklyn,947,2151.63,44013.21,51,115.87,6.43,14735,11205,KINGS,BROOKLYN,40366,23.460337908140517,0.3384995067508776
11206,Williamsburg (South),Brooklyn,2032,2376.7,85496.61,155,181.29,7.28,27912,11206,KINGS,BROOKLYN,81677,24.878484763152418,0.3712135391789706
11207,Cypress Hills/East New York,Brooklyn,2559,2870.23,89156.75,219,245.63,9.99,25621,11207,KINGS,BROOKLYN,93386,27.40239436318078,0.4294354787539171
11208,Cypress Hills/East New York,Brooklyn,2933,3067.74,95607.69,251,262.53,11.66,25152,11208,KINGS,BROOKLYN,94469,31.047221839968667,0.5135149264141123
11209,Bay Ridge/Fort Hamilton,Brooklyn,1485,2213.74,67081.12,119,177.4,6.9,21525,11209,KINGS,BROOKLYN,68853,21.567687682453926,0.2948395566975177
11210,Flatlands/Midwood,Brooklyn,2340,3487.89,67089.29,150,223.58,12.74,18363,11210,KINGS,BROOKLYN,62008,37.73706618500838,0.6678372972384568
11211,East Williamsburg/Williamsburg (North)/Williamsburg (South),Brooklyn,2762,2773.24,99594.67,139,139.57,7.12,38802,11211,KINGS,BROOKLYN,90117,30.6490451302196,0.5043297240855897
11212,Ocean Hill-Brownsville,Brooklyn,2238,2811.91,79589.99,236,296.52,10.67,20982,11212,KINGS,BROOKLYN,84500,26.485207100591715,0.40827766019307365
11213,Crown Heights (East),Brooklyn,1769,2745.79,64425.94,151,234.38,8.98,19690,11213,KINGS,BROOKLYN,63767,27.7416218420186,0.4372608310465804
11214,Bath Beach/Bensonhurst/Gravesend,Brooklyn,1986,2127.85,93333.46,188,201.43,8.59,23111,11214,KINGS,BROOKLYN,88630,22.40776260859754,0.31421853587641213
11215,Gowanus/Park Slope/Windsor Terrace,Brooklyn,780,1115.36,69932.3,46,65.78,3.11,25110,11215,KINGS,BROOKLYN,63488,12.28578629032258,0.08072321038019717
11216,Bedford-Stuyvesant (West)/Crown Heights (West),Brooklyn,976,1757.36,55537.72,76,136.84,5.16,18917,11216,KINGS,BROOKLYN,54316,17.96892260107519,0.21182268354560072
11217,Boerum Hill/Park Slope,Brooklyn,752,1583.94,47476.67,86,181.14,4.43,16979,11217,KINGS,BROOKLYN,35881,20.958167275159553,0.2807790450520963
11218,Kensington/Windsor Terrace,Brooklyn,2176,2870.47,75806.47,139,183.36,9.31,23374,11218,KINGS,BROOKLYN,75220,28.928476469024197,0.46463937835151925
11219,Borough Park,Brooklyn,3810,4103.04,92858.07,245,263.84,14.2,26836,11219,KINGS,BROOKLYN,92221,41.31380054434456,0.7503459622645599
11220,Sunset Park,Brooklyn,2157,2190.96,98450.0,168,170.65,8.62,25017,11220,KINGS,BROOKLYN,99598,21.657061386774835,0.29690124322246403
11221,Bedford-Stuyvesant (East)/Bushwick,Brooklyn,1700,2081.49,81672.44,148,181.21,6.73,25271,11221,KINGS,BROOKLYN,78895,21.54762659230623,0.2943767843468862
11222,Greenpoint,Brooklyn,622,1711.18,36349.16,34,93.54,3.99,15586,11222,KINGS,BROOKLYN,36934,16.840851248172417,0.18580015795902846
11223,Gravesend/Homecrest,Brooklyn,2776,3471.86,79957.11,143,178.85,12.04,23049,11223,KINGS,BROOKLYN,78731,35.25930065666637,0.6106798162928663
11224,Brighton Beach/Coney Island/Seagate,Brooklyn,1516,3407.71,44487.34,219,492.27,10.75,14103,11224,KINGS,BROOKLYN,47621,31.83469477751412,0.5316804747309625
11225,Crown Heights (West)/Prospect Lefferts Gardens,Brooklyn,1404,2432.79,57711.49,143,247.78,7.6,18463,11225,KINGS,BROOKLYN,56829,24.705696035474844,0.3672276219092069
11226,Flatbush/Prospect Lefferts Gardens,Brooklyn,2738,2763.94,99061.32,306,308.9,9.41,29103,11226,KINGS,BROOKLYN,101572,26.956247784822587,0.4191437000283843
11228,Bath Beach/Dyker Heights,Brooklyn,871,1969.92,44215.08,88,199.03,7.87,11062,11228,KINGS,BROOKLYN,41788,20.84330429788456,0.2781293680104828
11229,Gerritsen Beach/Homecrest/Sheepshead Bay,Brooklyn,2295,2702.89,84909.16,157,184.9,9.98,22993,11229,KINGS,BROOKLYN,80018,28.681046764477994,0.4589316314072649
11230,Midwood,Brooklyn,3497,3921.91,89165.77,234,262.43,11.64,30046,11230,KINGS,BROOKLYN,86408,40.47078974169058,0.730899257829268
11231,Carroll Gardens/Cobble Hill/Red Hook,Brooklyn,517,1397.5,36994.7,35,94.61,3.81,13579,11231,KINGS,BROOKLYN,33336,15.50875929925606,0.15507125350174947
11232,Sunset Park,Brooklyn,687,2430.04,28271.09,43,152.1,7.64,8992,11232,KINGS,BROOKLYN,28265,24.305678400849107,0.3579999528390345
11233,Bedford-Stuyvesant (East)/Ocean Hill-Brownsville,Brooklyn,1555,2155.37,72145.54,141,195.44,8.29,18747,11233,KINGS,BROOKLYN,67053,23.190610412658643,0.33227739089400576
11234,Bergen Beach/Flatlands/Marine Park/Mill Basin,Brooklyn,2756,2891.77,95304.8,196,205.66,10.78,25555,11234,KINGS,BROOKLYN,87757,31.40490217304603,0.5217659520211083
11235,Brighton Beach/Manhattan Beach/Sheepshead Bay,Brooklyn,2675,3363.08,79540.14,306,384.71,11.33,23605,11235,KINGS,BROOKLYN,79132,33.80427639892837,0.5771150901976246
11236,Canarsie,Brooklyn,3179,3282.5,96846.99,305,314.93,12.2,26053,11236,KINGS,BROOKLYN,93877,33.863459633350026,0.5784803382628916
11237,Bushwick/East Williamsburg,Brooklyn,1256,2477.53,50695.72,115,226.84,7.87,15958,11237,KINGS,BROOKLYN,49896,25.17235850569184,0.3779926644220464
11238,Clinton Hill/Prospect Heights,Brooklyn,998,1847.61,54015.79,104,192.54,4.45,22448,11238,KINGS,BROOKLYN,49262,20.25902318216881,0.26465108027244244
11239,East New York,Brooklyn,603,4857.67,12413.37,89,716.97,12.99,4642,11239,KINGS,BROOKLYN,13393,45.02351974912268,0.8359223424083585
11354,Flushing/Murray Hill,Queens,1552,2795.47,55518.32,302,543.96,8.68,17882,11354,QUEENS,FLUSHING,54878,28.280914027479135,0.44970130713763035
11355,Flushing/Murray Hill/Queensboro Hill,Queens,1674,2092.13,80013.97,171,213.71,8.08,20727,11355,QUEENS,FLUSHING,85871,19.494357815793457,0.24701166055802007
11356,College Point,Queens,703,3014.23,23322.74,42,180.08,10.41,6756,11356,QUEENS,COLLEGE POINT,23438,29.99402679409506,0.48921965913481
11357,Whitestone,Queens,981,2454.0,39975.56,107,267.66,8.52,11518,11357,QUEENS,WHITESTONE,39150,25.057471264367816,0.3753424276535725
11358,Auburndale/Murray Hill,Queens,695,1955.46,35541.5,43,120.99,6.65,10450,11358,QUEENS,FLUSHING,37546,18.510626964257177,0.22431880412785618
11360,Bayside (North),Queens,380,2014.51,18863.17,28,148.44,6.59,5765,11360,QUEENS,BAYSIDE,18884,20.122855327261174,0.26150993899686215
11361,Bayside (North)/Bayside (South),Queens,543,1941.23,27971.99,58,207.35,6.94,7822,11361,QUEENS,BAYSIDE,28606,18.98203174159267,0.23519324291958618
11362,Douglaston-Little Neck,Queens,381,2147.93,17738.01,36,202.95,7.46,5107,11362,QUEENS,LITTLE NECK,17823,21.376872580373675,0.2904378042166924
11363,Douglaston-Little Neck,Queens,118,1648.27,7159.03,5,69.84,6.05,1949,11363,QUEENS,LITTLE NECK,6988,16.88609044075558,0.18684374269636092
11364,Bayside (South)/Oakland Gardens,Queens,570,1649.18,34562.6,35,101.27,6.4,8905,11364,QUEENS,OAKLAND GARDENS,34555,16.49544204890754,0.17783220477718545
11365,Auburndale/Fresh Meadows/Pomonok/Utopia,Queens,1058,2401.77,44050.79,69,156.64,8.6,12308,11365,QUEENS,FRESH MEADOWS,42252,25.04023478178548,0.37494481378999267
11366,Fresh Meadows/Hillcrest,Queens,470,3411.39,13777.39,29,210.49,11.93,3941,11366,QUEENS,FRESH MEADOWS,13532,34.73248595920781,0.5985271728375375
11367,Kew Gardens Hills/Pomonok,Queens,1347,3204.15,42039.24,67,159.37,10.69,12598,11367,QUEENS,FLUSHING,41047,32.816040149097375,0.5543183025381991
11368,Corona/North Corona,Queens,5291,4741.29,111594.1,447,400.56,14.61,36205,11368,QUEENS,CORONA,109931,48.13019075601969,0.9075875128410728
11369,Airport/East Elmhurst,Queens,1811,4966.78,36462.23,182,499.15,13.8,13120,11369,QUEENS,EAST ELMHURST,38615,46.898873494755925,0.8791832945671371
11370,Jackson Heights/Rikers Island,Queens,1509,4606.42,32758.65,64,195.37,13.59,11104,11370,QUEENS,EAST ELMHURST,39688,38.02156823221125,0.6744002347545263
11372,Jackson Heights,Queens,2960,4731.24,62562.88,263,420.38,12.44,23799,11372,QUEENS,JACKSON HEIGHTS,66636,44.4204333993637,0.8220102526038159
11373,Elmhurst,Queens,3731,4017.19,92875.81,299,321.94,11.9,31366,11373,QUEENS,ELMHURST,100820,37.00654632017457,0.6509855512693562
11374,Rego Park,Queens,1377,3274.86,42047.63,101,240.2,10.2,13505,11374,QUEENS,REGO PARK,43600,31.58256880733945,0.5258643936000774
11375,Forest Hills,Queens,1820,2579.62,70552.99,186,263.63,8.26,22030,11375,QUEENS,FOREST HILLS,68733,26.47927487524188,0.4081408146951766
11377,Woodside,Queens,2683,3102.86,86468.55,197,227.83,9.24,29044,11377,QUEENS,WOODSIDE,89830,29.867527552042745,0.486301554925783
11378,Maspeth,Queens,889,2569.85,34593.45,74,213.91,8.54,10404,11378,QUEENS,MASPETH,34981,25.413796060718674,0.3835621835283318
11379,Middle Village,Queens,976,2696.46,36195.55,102,281.8,8.78,11122,11379,QUEENS,MIDDLE VILLAGE,34821,28.029062921800065,0.44389156662372076
11385,Glendale/Ridgewood,Queens,2655,2579.43,102929.91,145,140.87,9.32,28474,11385,QUEENS,RIDGEWOOD,98592,26.929162609542356,0.418518894988408
11411,Cambria Heights,Queens,765,3732.75,20494.26,50,243.97,14.41,5310,11411,QUEENS,CAMBRIA HEIGHTS,18556,41.2265574477258,0.7483334249297792
11412,St. Albans,Queens,1376,3497.1,39346.92,90,228.73,13.13,10476,11412,QUEENS,SAINT ALBANS,34882,39.44727939911703,0.7072887619069971
11413,Laurelton/Rosedale,Queens,1484,3399.93,43647.97,104,238.27,13.22,11222,11413,QUEENS,SPRINGFIELD GARDENS,38912,38.13733552631579,0.6770707727175475
11414,Hamilton Beach/Howard Beach/Lindenwood,Queens,959,3392.82,28265.56,63,222.89,12.11,7920,11414,QUEENS,HOWARD BEACH,26148,36.67584518892458,0.6433568860902282
11415,Kew Gardens,Queens,666,3462.57,19234.25,53,275.55,9.99,6664,11415,QUEENS,KEW GARDENS,19341,34.434620753839,0.5916559719085237
11416,Ozone Park,Queens,889,3340.29,26614.42,57,214.17,12.8,6943,11416,QUEENS,OZONE PARK,24861,35.75881903382808,0.6222027839821044
11417,Ozone Park,Queens,1013,3239.46,31270.63,49,156.7,11.32,8952,11417,QUEENS,OZONE PARK,28967,34.9708288742362,0.6040253043065662
11418,Richmond Hill,Queens,1289,3382.74,38105.16,106,278.18,12.64,10201,11418,QUEENS,RICHMOND HILL,36256,35.5527360988526,0.6174488307551602
11419,Richmond Hill/South Ozone Park,Queens,1417,2786.69,50848.81,99,194.69,12.95,10943,11419,QUEENS,SOUTH RICHMOND HILL,47211,30.01419160788799,0.48968482419863757
11420,South Ozone Park,Queens,1592,3288.19,48415.71,108,223.07,13.69,11626,11420,QUEENS,SOUTH OZONE PARK,44354,35.89304234116427,0.6252990681315799
11421,Woodhaven,Queens,1411,3342.85,42209.49,103,244.02,13.05,10809,11421,QUEENS,WOODHAVEN,39127,36.062054335880596,0.629197863137433
11422,Rosedale,Queens,1110,3291.66,33721.62,67,198.69,12.83,8654,11422,QUEENS,ROSEDALE,30425,36.48315529991783,0.6389118857327162
11423,Hollis/Holliswood,Queens,1255,3916.84,32041.14,108,337.07,13.61,9219,11423,QUEENS,HOLLIS,29987,41.85146896988695,0.7627489812090316
11426,Bellerose,Queens,580,2848.26,20363.28,34,166.97,11.58,5009,11426,QUEENS,BELLEROSE,17590,32.97328027288232,0.5579455421927657
11427,Bellerose/Hollis Hills/Holliswood,Queens,898,3868.63,23212.38,52,224.02,12.71,7064,11427,QUEENS,QUEENS VILLAGE,23593,38.06213707455601,0.6753360831254804
11428,Queens Village,Queens,748,3870.14,19327.45,55,284.57,14.17,5280,11428,QUEENS,QUEENS VILLAGE,19168,39.023372287145236,0.6975100066542993
11429,Queens Village,Queens,1102,3930.61,28036.33,76,271.08,13.36,8247,11429,QUEENS,QUEENS VILLAGE,25105,43.89563831905995,0.8099041979914275
11432,Hillcrest/Jamaica Estates/Jamaica Hills,Queens,2236,3538.23,63195.4,259,409.84,12.84,17411,11432,QUEENS,JAMAICA,60809,36.7708727326547,0.6455489962628542
11433,Jamaica,Queens,1105,3066.4,36035.76,81,224.78,11.77,9387,11433,QUEENS,JAMAICA,32687,33.80548842047297,0.5771430492993025
11434,Airport/South Jamaica/Springfield Gardens/St. Albans,Queens,2340,3464.81,67536.11,201,297.62,12.84,18226,11434,QUEENS,JAMAICA,59129,39.57448967511712,0.710223268357825
11435,Briarwood/Jamaica,Queens,1945,3373.0,57663.84,150,260.13,12.65,15375,11435,QUEENS,JAMAICA,53687,36.22850969508447,0.6330376812772684
11436,South Jamaica/South Ozone Park,Queens,612,2941.26,20807.42,47,225.88,12.41,4933,11436,QUEENS,JAMAICA,17949,34.09660705331773,0.5838586192430273
11691,Edgemere/Far Rockaway,Queens,3130,4833.3,64759.02,379,585.25,13.72,22821,11691,QUEENS,FAR ROCKAWAY,60035,52.13625385191972,1.0
11692,Arverne/Edgemere,Queens,742,3687.83,20120.24,95,472.16,11.28,6580,11692,QUEENS,ARVERNE,18540,40.021574973031285,0.7205367016122145
11693,Arverne/Broad Channel,Queens,369,2980.31,12381.27,29,234.22,10.92,3378,11693,QUEENS,FAR ROCKAWAY,11916,30.966767371601208,0.5116589902126842
11694,Belle Harbor-Neponsit/Rockaway Park,Queens,833,4092.2,20355.78,90,442.13,12.21,6820,11694,QUEENS,ROCKAWAY PARK,20408,40.817326538612306,0.7388932226094034
11697,Breezy Point,Queens,126,3562.65,3536.69,5,141.38,6.69,1884,11697,QUEENS,BREEZY POINT,4079,30.88992400098063,0.5098863553762558
